{
  "generated_at": "2026-05-25T23:38:56.141697",
  "config": {
    "umap_n_components_2d": 2,
    "umap_n_components_hd": 10,
    "umap_n_neighbors": 15,
    "umap_min_dist_2d": 0.1,
    "umap_min_dist_hd": 0.0,
    "umap_metric": "cosine",
    "umap_random_state": 42,
    "hdbscan_min_cluster_size": 50,
    "hdbscan_min_samples": 5,
    "hdbscan_metric": "euclidean",
    "hdbscan_cluster_selection": "eom",
    "hdbscan_noise_membership_threshold": 0.1,
    "near_duplicate_threshold": 0.85,
    "coverage_thresholds": {
      "good": 0.8,
      "warning": 0.5
    },
    "diversity_thresholds": {
      "good": 7.0,
      "warning": 4.0
    },
    "random_state": 42
  },
  "coverage_score": 2.926829268292683,
  "diversity_score": 4.554582834243774,
  "rq1_coverage": {
    "n_clusters": 123,
    "n_covered": 36,
    "n_blind_spots": 87,
    "covered_cluster_ids": [
      4,
      7,
      13,
      16,
      19,
      24,
      26,
      31,
      37,
      39,
      40,
      46,
      51,
      52,
      55,
      57,
      58,
      60,
      64,
      65,
      66,
      69,
      70,
      74,
      75,
      77,
      85,
      88,
      91,
      92,
      94,
      102,
      103,
      115,
      119,
      121
    ],
    "blind_spot_cluster_ids": [
      0,
      1,
      2,
      3,
      5,
      6,
      8,
      9,
      10,
      11,
      12,
      14,
      15,
      17,
      18,
      20,
      21,
      22,
      23,
      25,
      27,
      28,
      29,
      30,
      32,
      33,
      34,
      35,
      36,
      38,
      41,
      42,
      43,
      44,
      45,
      47,
      48,
      49,
      50,
      53,
      54,
      56,
      59,
      61,
      62,
      63,
      67,
      68,
      71,
      72,
      73,
      76,
      78,
      79,
      80,
      81,
      82,
      83,
      84,
      86,
      87,
      89,
      90,
      93,
      95,
      96,
      97,
      98,
      99,
      100,
      101,
      104,
      105,
      106,
      107,
      108,
      109,
      110,
      111,
      112,
      113,
      114,
      116,
      117,
      118,
      120,
      122
    ],
    "coverage_rate": 0.2926829268292683,
    "coverage_score": 2.926829268292683,
    "queries_in_noise_territory": 46
  },
  "rq2_diversity": {
    "n_queries": 100,
    "n_near_duplicate_pairs": 0,
    "redundancy_rate": 0.0,
    "n_query_clusters": 36,
    "mean_inter_cluster_distance": 0.9109165668487549,
    "normalized_spread": 0.45545828342437744,
    "intra_cluster_densities": {
      "4": 0.0,
      "7": 0.0,
      "13": 0.0,
      "16": 0.0,
      "19": 0.7725678086280823,
      "24": 0.0,
      "26": 0.0,
      "31": 0.0,
      "37": 0.0,
      "39": 0.0,
      "40": 0.7418067455291748,
      "46": 0.0,
      "51": 0.0,
      "52": 0.0,
      "55": 0.0,
      "57": 0.0,
      "58": 0.0,
      "60": 0.8765090703964233,
      "64": 0.8733795285224915,
      "65": 0.0,
      "66": 0.0,
      "69": 0.8826977610588074,
      "70": 0.9084356427192688,
      "74": 0.951281726360321,
      "75": 0.8473631739616394,
      "77": 0.0,
      "85": 0.8843520879745483,
      "88": 0.0,
      "91": 0.0,
      "92": 0.0,
      "94": 0.5798544883728027,
      "102": 0.0,
      "103": 0.0,
      "115": 0.0,
      "119": 0.0,
      "121": 0.0
    },
    "diversity_score": 4.554582834243774,
    "similarity_threshold_used": 0.85
  },
  "recommendations": [
    "\u274c COVERAGE: Poor (29.3%). 87 of 123 corpus clusters have no questions. The question bank covers less than half the knowledge base. Significant expansion required. See blind_spot_clusters.json for uncovered topics.",
    "\u26a0\ufe0f  DIVERSITY: Moderate (4.6/10). 0 near-duplicate pairs detected. Consider replacing redundant questions with ones covering underrepresented corpus regions.",
    "\u2139\ufe0f  NOISE TERRITORY: 46 queries do not strongly belong to any corpus cluster. These may be out-of-domain questions or cover very sparse corpus regions. Review manually."
  ]
}